User ID,User Type,Date Joined,City
1,Operator,11-09-2020,Chicago
2,Customer,23-07-2021,Chicago
3,Operator,21-04-2020,Los Angeles
4,Customer,11-09-2022,Houston
5,Mechanic,29-08-2023,Chicago
6,Customer,24-09-2022,New York
7,Mechanic,05-04-2021,New York
8,Mechanic,08-12-2021,Houston
9,Customer,05-06-2022,Phoenix
10,Mechanic,20-01-2023,Los Angeles
11,Customer,11-12-2022,New York
12,Mechanic,03-06-2021,New York
13,Operator,22-03-2022,Houston
14,Operator,26-01-2023,Phoenix
15,Mechanic,23-08-2020,Phoenix
16,Mechanic,29-10-2023,Houston
17,Customer,15-07-2022,New York
18,Operator,10-07-2021,Los Angeles
19,Customer,10-10-2021,New York
20,Mechanic,21-08-2020,Phoenix
21,Mechanic,21-11-2022,New York
22,Customer,05-08-2023,Los Angeles
23,Mechanic,01-08-2021,Chicago
24,Operator,25-06-2021,New York
25,Customer,23-04-2020,Houston
26,Operator,22-07-2020,Chicago
27,Operator,18-11-2022,Houston
28,Operator,04-10-2021,Houston
29,Customer,18-04-2021,Houston
30,Mechanic,27-11-2021,New York
31,Operator,09-09-2020,Phoenix
32,Operator,23-06-2022,Chicago
33,Operator,20-01-2021,Los Angeles
34,Mechanic,02-03-2020,Phoenix
35,Mechanic,29-05-2021,New York
36,Customer,05-03-2021,Houston
37,Mechanic,02-08-2021,Los Angeles
38,Customer,10-03-2023,Chicago
39,Customer,12-01-2022,Phoenix
40,Customer,16-08-2023,Phoenix
41,Customer,05-11-2021,Los Angeles
42,Customer,06-11-2020,New York
43,Operator,15-04-2021,Chicago
44,Mechanic,17-11-2023,Los Angeles
45,Operator,19-03-2022,Houston
46,Customer,20-06-2020,Chicago
47,Mechanic,29-07-2021,Phoenix
48,Operator,31-01-2020,Los Angeles
49,Operator,16-02-2020,Phoenix
50,Customer,09-05-2020,Phoenix
51,Operator,17-12-2020,Phoenix
52,Operator,04-09-2022,New York
53,Operator,27-02-2020,Phoenix
54,Operator,03-02-2023,Houston
55,Operator,22-03-2022,Houston
56,Customer,15-09-2023,Chicago
57,Customer,06-02-2022,Phoenix
58,Operator,13-11-2021,Phoenix
59,Customer,07-11-2023,Los Angeles
60,Customer,31-03-2023,New York
61,Mechanic,23-09-2022,Chicago
62,Operator,12-10-2020,Phoenix
63,Customer,30-12-2022,Los Angeles
64,Customer,04-06-2022,New York
65,Operator,31-01-2021,Chicago
66,Mechanic,26-01-2020,Chicago
67,Operator,08-11-2020,Phoenix
68,Mechanic,05-05-2020,Chicago
69,Operator,02-12-2023,Los Angeles
70,Operator,06-05-2023,Chicago
71,Operator,21-03-2022,Houston
72,Operator,06-07-2020,Los Angeles
73,Mechanic,28-11-2021,New York
74,Mechanic,20-03-2022,New York
75,Customer,16-12-2021,Phoenix
76,Operator,25-03-2021,Phoenix
77,Mechanic,06-06-2021,Houston
78,Mechanic,09-10-2023,New York
79,Mechanic,12-09-2022,New York
80,Operator,19-10-2021,New York
81,Customer,19-08-2021,New York
82,Mechanic,09-04-2020,Chicago
83,Operator,07-09-2021,Los Angeles
84,Mechanic,05-08-2022,Los Angeles
85,Mechanic,09-07-2021,Houston
86,Customer,04-10-2020,Chicago
87,Mechanic,05-05-2021,New York
88,Mechanic,11-09-2020,New York
89,Operator,15-01-2021,Phoenix
90,Operator,10-06-2022,Phoenix
91,Customer,25-06-2021,Houston
92,Operator,11-07-2023,New York
93,Operator,04-04-2022,Houston
94,Customer,28-05-2022,Chicago
95,Mechanic,14-09-2023,Los Angeles
96,Customer,12-02-2023,New York
97,Operator,23-07-2023,Chicago
98,Customer,07-10-2020,New York
99,Mechanic,22-07-2023,Phoenix
100,Customer,11-02-2022,Houston
101,Operator,22-04-2022,Phoenix
102,Operator,19-12-2021,Los Angeles
103,Customer,23-11-2020,Phoenix
104,Mechanic,29-07-2020,New York
105,Customer,27-12-2021,Phoenix
106,Mechanic,11-07-2022,New York
107,Mechanic,05-07-2021,Los Angeles
108,Customer,26-01-2020,Phoenix
109,Mechanic,27-01-2020,Houston
110,Operator,02-12-2021,Houston
111,Customer,11-01-2023,Houston
112,Mechanic,12-11-2021,Phoenix
113,Operator,16-02-2021,Phoenix
114,Customer,15-06-2020,Phoenix
115,Operator,17-06-2020,New York
116,Operator,16-08-2020,Los Angeles
117,Operator,01-01-2021,Houston
118,Mechanic,11-06-2021,New York
119,Customer,01-03-2022,Houston
120,Customer,07-06-2021,New York
121,Mechanic,31-12-2022,Phoenix
122,Customer,15-04-2020,Houston
123,Operator,01-01-2022,Phoenix
124,Customer,22-08-2022,Houston
125,Mechanic,29-07-2023,Chicago
126,Operator,12-05-2020,New York
127,Mechanic,17-06-2021,Chicago
128,Operator,01-09-2022,New York
129,Operator,25-09-2020,Los Angeles
130,Customer,06-12-2023,Houston
131,Operator,03-11-2021,Los Angeles
132,Mechanic,01-03-2022,Los Angeles
133,Customer,18-01-2020,New York
134,Mechanic,26-04-2020,Chicago
135,Operator,08-03-2022,Phoenix
136,Mechanic,13-03-2023,New York
137,Mechanic,04-07-2021,Phoenix
138,Operator,17-07-2022,Los Angeles
139,Customer,22-01-2022,Phoenix
140,Mechanic,25-02-2021,Chicago
141,Operator,24-10-2023,New York
142,Customer,07-10-2021,Chicago
143,Customer,11-07-2021,Chicago
144,Customer,19-02-2020,New York
145,Mechanic,08-11-2021,Chicago
146,Mechanic,15-04-2020,Houston
147,Mechanic,24-05-2023,Houston
148,Customer,19-10-2021,Houston
149,Mechanic,19-12-2023,Phoenix
150,Operator,31-12-2022,Chicago
151,Mechanic,14-09-2022,New York
152,Mechanic,21-04-2022,New York
153,Customer,21-03-2021,Phoenix
154,Mechanic,24-04-2023,New York
155,Operator,10-03-2020,Houston
156,Customer,29-05-2020,Chicago
157,Operator,23-06-2023,New York
158,Customer,12-02-2022,New York
159,Customer,27-01-2023,Los Angeles
160,Mechanic,25-07-2023,Los Angeles
161,Operator,01-08-2022,Los Angeles
162,Customer,30-03-2021,Chicago
163,Mechanic,01-02-2023,Houston
164,Customer,03-08-2022,Houston
165,Customer,23-08-2021,Houston
166,Customer,14-10-2021,Chicago
167,Customer,25-12-2021,Chicago
168,Customer,20-08-2020,Los Angeles
169,Customer,18-11-2023,New York
170,Mechanic,07-09-2020,Phoenix
171,Customer,19-03-2020,Phoenix
172,Operator,11-12-2022,New York
173,Mechanic,16-06-2022,Los Angeles
174,Operator,09-07-2022,New York
175,Customer,19-02-2022,New York
176,Operator,13-08-2020,Phoenix
177,Customer,10-12-2022,Los Angeles
178,Customer,24-04-2023,Chicago
179,Mechanic,23-11-2022,Phoenix
180,Mechanic,13-03-2022,Chicago
181,Customer,11-01-2022,Los Angeles
182,Mechanic,10-05-2020,New York
183,Operator,19-10-2022,Houston
184,Mechanic,23-09-2021,Houston
185,Mechanic,17-04-2022,Los Angeles
186,Operator,28-01-2022,Houston
187,Mechanic,26-12-2023,Chicago
188,Customer,04-12-2021,Houston
189,Operator,11-05-2021,Los Angeles
190,Customer,27-11-2023,Los Angeles
191,Operator,18-11-2020,Chicago
192,Customer,18-05-2023,Houston
193,Customer,06-09-2021,Houston
194,Mechanic,24-11-2020,New York
195,Customer,27-10-2023,Phoenix
196,Mechanic,12-05-2020,Los Angeles
197,Operator,14-04-2022,New York
198,Customer,12-10-2021,Los Angeles
199,Customer,30-04-2020,New York
200,Operator,28-08-2021,Phoenix
201,Operator,22-08-2022,New York
202,Customer,08-05-2020,Los Angeles
203,Operator,19-01-2023,Houston
204,Mechanic,29-01-2020,Los Angeles
205,Operator,22-12-2021,Chicago
206,Operator,28-11-2020,Chicago
207,Customer,13-08-2023,Chicago
208,Mechanic,27-02-2023,Chicago
209,Operator,09-08-2023,Phoenix
210,Mechanic,11-04-2023,Houston
211,Mechanic,01-08-2022,Houston
212,Mechanic,13-11-2022,Los Angeles
213,Customer,27-01-2023,New York
214,Operator,30-11-2023,Los Angeles
215,Customer,21-12-2020,Los Angeles
216,Operator,18-05-2020,Los Angeles
217,Operator,12-04-2023,Los Angeles
218,Customer,29-01-2020,Houston
219,Mechanic,19-07-2022,New York
220,Mechanic,10-05-2021,Los Angeles
221,Operator,10-10-2022,Houston
222,Customer,16-10-2021,Los Angeles
223,Mechanic,07-04-2022,Chicago
224,Mechanic,16-12-2020,Los Angeles
225,Operator,07-07-2021,Los Angeles
226,Operator,25-10-2020,Phoenix
227,Customer,30-04-2023,Chicago
228,Operator,04-03-2020,New York
229,Mechanic,24-01-2022,Los Angeles
230,Mechanic,08-02-2022,New York
231,Mechanic,23-05-2023,Chicago
232,Mechanic,13-04-2022,Los Angeles
233,Customer,14-06-2020,Phoenix
234,Customer,09-06-2023,Houston
235,Operator,03-05-2023,Phoenix
236,Operator,20-05-2021,Phoenix
237,Operator,19-09-2023,Houston
238,Customer,03-03-2022,Houston
239,Mechanic,20-08-2023,Houston
240,Operator,12-04-2022,Los Angeles
241,Mechanic,31-12-2023,New York
242,Operator,08-09-2023,New York
243,Operator,07-05-2022,Houston
244,Operator,17-11-2023,Phoenix
245,Operator,16-03-2022,Chicago
246,Operator,18-03-2023,Houston
247,Mechanic,30-01-2022,Phoenix
248,Operator,12-04-2022,Phoenix
249,Mechanic,29-11-2023,Los Angeles
250,Customer,09-10-2020,Los Angeles
251,Operator,17-10-2023,New York
252,Mechanic,13-01-2021,New York
253,Customer,16-07-2020,Chicago
254,Customer,11-10-2022,Chicago
255,Customer,20-10-2022,Chicago
256,Mechanic,09-07-2021,Chicago
257,Operator,21-12-2020,Phoenix
258,Operator,23-12-2023,Phoenix
259,Mechanic,06-11-2022,New York
260,Operator,30-09-2021,Los Angeles
261,Mechanic,13-01-2021,Los Angeles
262,Operator,10-11-2021,Houston
263,Customer,20-05-2021,Phoenix
264,Operator,17-06-2022,Chicago
265,Mechanic,16-03-2020,Chicago
266,Mechanic,18-08-2020,Houston
267,Customer,19-08-2022,Los Angeles
268,Mechanic,25-06-2023,Chicago
269,Operator,28-10-2020,Los Angeles
270,Operator,26-12-2021,Houston
271,Customer,02-08-2020,Los Angeles
272,Mechanic,27-03-2023,Los Angeles
273,Customer,09-03-2020,Los Angeles
274,Operator,27-01-2021,Chicago
275,Customer,13-01-2023,New York
276,Mechanic,23-09-2020,Phoenix
277,Customer,28-12-2022,Los Angeles
278,Mechanic,02-09-2021,Los Angeles
279,Mechanic,02-10-2023,Los Angeles
280,Operator,05-10-2022,New York
281,Operator,19-08-2022,Houston
282,Operator,28-12-2021,Chicago
283,Mechanic,03-11-2021,New York
284,Customer,26-02-2021,Los Angeles
285,Mechanic,12-04-2023,New York
286,Operator,24-04-2020,New York
287,Operator,07-08-2020,New York
288,Customer,31-01-2020,Houston
289,Operator,28-09-2023,Phoenix
290,Operator,01-11-2023,Chicago
291,Operator,27-02-2023,Houston
292,Customer,08-09-2021,Houston
293,Mechanic,22-06-2021,Phoenix
294,Operator,08-01-2022,Houston
295,Customer,22-10-2022,New York
296,Operator,20-05-2022,New York
297,Customer,10-04-2020,Los Angeles
298,Operator,17-12-2022,Houston
299,Customer,13-11-2023,Los Angeles
300,Operator,22-11-2021,Chicago
301,Mechanic,29-07-2022,New York
302,Operator,06-12-2020,Chicago
303,Customer,10-05-2022,Phoenix
304,Operator,09-11-2022,New York
305,Mechanic,02-07-2023,Chicago
306,Operator,02-09-2023,Phoenix
307,Customer,07-02-2020,Chicago
308,Customer,21-10-2021,Phoenix
309,Mechanic,10-11-2023,Phoenix
310,Customer,16-07-2022,New York
311,Operator,15-11-2022,Los Angeles
312,Operator,29-03-2021,Phoenix
313,Operator,08-09-2023,Phoenix
314,Customer,06-01-2022,New York
315,Operator,29-03-2022,Los Angeles
316,Operator,11-02-2022,Houston
317,Operator,13-01-2020,Houston
318,Mechanic,03-07-2022,Los Angeles
319,Customer,09-07-2022,Chicago
320,Customer,04-04-2022,New York
321,Customer,05-01-2021,Los Angeles
322,Mechanic,07-08-2023,Houston
323,Customer,27-11-2020,Phoenix
324,Mechanic,17-09-2020,Houston
325,Mechanic,13-05-2023,Phoenix
326,Customer,27-11-2021,New York
327,Operator,17-11-2021,Phoenix
328,Operator,07-08-2022,Los Angeles
329,Customer,21-01-2021,Phoenix
330,Customer,31-03-2022,Chicago
331,Mechanic,12-04-2021,Los Angeles
332,Customer,09-12-2023,New York
333,Mechanic,09-03-2020,Los Angeles
334,Customer,01-02-2023,Chicago
335,Operator,30-03-2023,New York
336,Operator,18-07-2020,Houston
337,Customer,03-08-2020,Chicago
338,Mechanic,30-07-2020,New York
339,Operator,22-05-2021,Phoenix
340,Mechanic,16-01-2020,Los Angeles
341,Customer,02-06-2022,New York
342,Customer,27-11-2020,Los Angeles
343,Operator,17-12-2021,Phoenix
344,Customer,04-07-2021,New York
345,Operator,30-07-2022,Houston
346,Mechanic,12-09-2020,Chicago
347,Operator,18-09-2022,New York
348,Operator,28-12-2021,Phoenix
349,Mechanic,29-05-2022,New York
350,Operator,25-03-2022,Los Angeles
351,Operator,10-04-2023,New York
352,Customer,10-10-2021,Houston
353,Mechanic,26-09-2022,New York
354,Operator,15-04-2021,Chicago
355,Mechanic,08-11-2023,New York
356,Mechanic,20-11-2021,Los Angeles
357,Operator,30-11-2021,New York
358,Customer,21-05-2021,Houston
359,Mechanic,18-09-2022,Phoenix
360,Operator,06-10-2022,New York
361,Mechanic,14-03-2022,New York
362,Customer,10-04-2022,Chicago
363,Customer,10-09-2023,Houston
364,Customer,01-08-2020,Phoenix
365,Operator,16-05-2023,Los Angeles
366,Operator,17-06-2020,New York
367,Customer,15-09-2023,Phoenix
368,Operator,27-07-2023,Los Angeles
369,Customer,04-09-2022,Houston
370,Operator,21-08-2023,Houston
371,Customer,25-05-2020,Phoenix
372,Mechanic,30-05-2021,Los Angeles
373,Customer,18-01-2023,Houston
374,Customer,28-03-2021,Phoenix
375,Operator,29-02-2020,Houston
376,Operator,27-08-2023,Houston
377,Operator,11-06-2021,Houston
378,Operator,04-06-2023,Chicago
379,Operator,20-10-2022,Los Angeles
380,Operator,18-04-2021,Phoenix
381,Mechanic,26-01-2022,Phoenix
382,Customer,20-02-2022,Los Angeles
383,Customer,07-01-2023,Los Angeles
384,Customer,08-03-2021,Los Angeles
385,Mechanic,22-03-2023,Los Angeles
386,Customer,04-02-2021,New York
387,Mechanic,26-07-2023,Phoenix
388,Mechanic,26-02-2020,New York
389,Mechanic,29-09-2022,Houston
390,Customer,04-07-2020,Houston
391,Mechanic,01-02-2021,Phoenix
392,Customer,27-08-2021,Houston
393,Customer,26-02-2022,Los Angeles
394,Operator,06-06-2020,New York
395,Operator,14-10-2023,Los Angeles
396,Mechanic,11-08-2021,Houston
397,Mechanic,10-04-2021,New York
398,Customer,21-03-2021,Los Angeles
399,Mechanic,11-03-2022,Phoenix
400,Mechanic,01-01-2023,Los Angeles
401,Customer,17-07-2022,Houston
402,Mechanic,17-01-2020,New York
403,Mechanic,31-12-2021,Phoenix
404,Customer,21-11-2020,New York
405,Customer,21-09-2022,Phoenix
406,Operator,04-09-2021,New York
407,Customer,29-06-2021,Houston
408,Operator,18-08-2021,Phoenix
409,Mechanic,09-07-2022,Chicago
410,Customer,21-04-2022,New York
411,Customer,10-05-2023,New York
412,Customer,09-12-2020,Los Angeles
413,Mechanic,08-05-2022,Phoenix
414,Operator,24-11-2023,Chicago
415,Mechanic,26-05-2023,Houston
416,Mechanic,20-03-2021,Los Angeles
417,Customer,09-08-2020,Chicago
418,Operator,07-11-2023,Phoenix
419,Mechanic,14-08-2021,Chicago
420,Customer,27-10-2022,New York
421,Mechanic,19-07-2023,New York
422,Mechanic,14-10-2022,Los Angeles
423,Customer,16-01-2020,Phoenix
424,Customer,18-12-2023,Phoenix
425,Operator,07-06-2021,Chicago
426,Mechanic,13-03-2022,Los Angeles
427,Customer,21-01-2020,Phoenix
428,Customer,15-08-2020,New York
429,Operator,04-10-2022,Chicago
430,Operator,04-08-2023,Houston
431,Customer,19-03-2022,New York
432,Operator,03-03-2023,Los Angeles
433,Customer,30-07-2023,Phoenix
434,Mechanic,07-02-2021,New York
435,Operator,25-12-2022,Houston
436,Mechanic,12-03-2021,Houston
437,Mechanic,08-04-2022,Los Angeles
438,Mechanic,22-07-2022,New York
439,Customer,15-09-2020,Chicago
440,Mechanic,12-04-2020,New York
441,Mechanic,19-09-2022,Houston
442,Mechanic,07-02-2022,Los Angeles
443,Customer,29-01-2023,Los Angeles
444,Mechanic,06-05-2023,Chicago
445,Mechanic,23-03-2022,Los Angeles
446,Operator,13-08-2020,Los Angeles
447,Customer,31-07-2022,Los Angeles
448,Mechanic,07-04-2021,Los Angeles
449,Operator,24-08-2020,Los Angeles
450,Customer,15-11-2022,Houston
451,Customer,18-02-2023,New York
452,Customer,20-05-2021,Phoenix
453,Customer,20-04-2023,Los Angeles
454,Customer,24-03-2022,Phoenix
455,Customer,05-02-2022,Phoenix
456,Mechanic,25-09-2021,Houston
457,Mechanic,31-08-2023,Los Angeles
458,Mechanic,17-09-2022,Phoenix
459,Mechanic,09-09-2021,Los Angeles
460,Operator,29-09-2020,Chicago
461,Mechanic,19-08-2020,Chicago
462,Customer,14-12-2023,Chicago
463,Mechanic,06-02-2022,Phoenix
464,Mechanic,10-05-2021,Chicago
465,Customer,13-11-2022,Houston
466,Mechanic,06-02-2023,Houston
467,Mechanic,16-05-2021,Phoenix
468,Mechanic,25-01-2020,Los Angeles
469,Operator,25-04-2023,New York
470,Mechanic,14-10-2020,Los Angeles
471,Customer,03-12-2020,Los Angeles
472,Customer,26-11-2022,Los Angeles
473,Mechanic,16-05-2020,Los Angeles
474,Mechanic,22-05-2021,New York
475,Mechanic,14-08-2020,Chicago
476,Customer,15-11-2020,Los Angeles
477,Customer,04-07-2022,Houston
478,Operator,20-04-2023,Phoenix
479,Operator,26-03-2020,Phoenix
480,Operator,14-07-2022,Houston
481,Customer,22-02-2020,Los Angeles
482,Operator,09-05-2022,New York
483,Mechanic,16-05-2022,Chicago
484,Mechanic,12-06-2023,Phoenix
485,Customer,08-03-2021,Chicago
486,Operator,25-09-2022,New York
487,Mechanic,09-04-2020,Phoenix
488,Customer,16-09-2022,Chicago
489,Operator,21-08-2021,New York
490,Mechanic,06-02-2021,Chicago
491,Operator,30-01-2021,Los Angeles
492,Customer,18-02-2021,New York
493,Operator,27-07-2022,Chicago
494,Customer,07-11-2021,Los Angeles
495,Operator,07-04-2021,Los Angeles
496,Mechanic,24-06-2021,New York
497,Customer,19-10-2023,Houston
498,Customer,27-02-2023,Phoenix
499,Customer,24-03-2020,New York
500,Operator,27-09-2020,Los Angeles
501,Operator,31-08-2020,Los Angeles
502,Mechanic,22-01-2021,New York
503,Customer,01-08-2020,Houston
504,Customer,28-03-2022,Phoenix
505,Operator,04-04-2023,Chicago
506,Operator,28-02-2020,New York
507,Mechanic,01-06-2022,Phoenix
508,Mechanic,22-04-2022,Phoenix
509,Operator,12-07-2022,Los Angeles
510,Customer,02-05-2020,Chicago
511,Mechanic,07-12-2023,New York
512,Operator,08-03-2023,Los Angeles
513,Operator,06-06-2023,Los Angeles
514,Customer,21-07-2023,Houston
515,Operator,14-03-2021,Phoenix
516,Operator,18-10-2022,New York
517,Mechanic,15-07-2021,New York
518,Operator,27-04-2020,New York
519,Operator,23-06-2022,Los Angeles
520,Mechanic,29-01-2021,Houston
521,Customer,25-05-2022,Chicago
522,Customer,23-07-2022,Los Angeles
523,Mechanic,06-01-2023,Chicago
524,Mechanic,09-08-2022,Houston
525,Customer,06-12-2023,Phoenix
526,Customer,15-03-2020,New York
527,Customer,21-10-2020,Chicago
528,Customer,21-01-2020,Los Angeles
529,Customer,09-04-2023,Chicago
530,Mechanic,04-11-2022,Phoenix
531,Operator,19-05-2023,New York
532,Customer,13-07-2021,Chicago
533,Customer,14-01-2023,Phoenix
534,Operator,18-03-2023,Los Angeles
535,Operator,06-01-2021,Houston
536,Operator,28-03-2022,Los Angeles
537,Operator,20-03-2023,New York
538,Operator,10-03-2023,Los Angeles
539,Operator,28-12-2022,Los Angeles
540,Mechanic,07-07-2023,Los Angeles
541,Operator,25-04-2022,Los Angeles
542,Operator,04-06-2021,New York
543,Mechanic,05-01-2021,Phoenix
544,Operator,13-12-2023,Chicago
545,Customer,10-04-2020,Houston
546,Customer,22-10-2021,Chicago
547,Operator,25-08-2022,Chicago
548,Mechanic,30-08-2020,Houston
549,Customer,22-01-2022,New York
550,Mechanic,26-05-2021,Houston
551,Customer,28-04-2022,New York
552,Operator,08-07-2021,Chicago
553,Mechanic,23-01-2023,New York
554,Mechanic,13-08-2020,Phoenix
555,Mechanic,01-08-2020,Houston
556,Customer,18-12-2021,Phoenix
557,Customer,07-03-2020,Chicago
558,Customer,30-01-2021,Houston
559,Operator,03-09-2021,Chicago
560,Customer,01-11-2022,Phoenix
561,Operator,14-06-2023,Chicago
562,Mechanic,08-02-2022,Houston
563,Mechanic,23-11-2023,Houston
564,Operator,10-02-2021,Chicago
565,Customer,13-07-2022,Houston
566,Operator,08-10-2021,Houston
567,Mechanic,09-08-2020,Chicago
568,Mechanic,25-03-2023,Phoenix
569,Operator,15-10-2021,Houston
570,Customer,03-03-2021,Houston
571,Customer,27-03-2023,Houston
572,Operator,03-09-2022,Houston
573,Operator,10-12-2023,Chicago
574,Customer,02-10-2022,Phoenix
575,Mechanic,11-09-2023,Phoenix
576,Operator,05-01-2021,New York
577,Customer,29-09-2023,Houston
578,Customer,09-07-2023,Houston
579,Mechanic,30-07-2023,New York
580,Mechanic,29-04-2022,Phoenix
581,Mechanic,05-05-2022,Los Angeles
582,Mechanic,16-08-2020,Los Angeles
583,Mechanic,06-10-2020,Phoenix
584,Operator,06-08-2023,Houston
585,Customer,06-12-2022,Los Angeles
586,Operator,01-09-2022,Chicago
587,Operator,22-05-2023,Chicago
588,Operator,27-01-2022,New York
589,Operator,13-11-2022,Phoenix
590,Operator,16-11-2020,Phoenix
591,Mechanic,30-09-2020,Los Angeles
592,Mechanic,09-07-2021,Houston
593,Customer,23-04-2022,Phoenix
594,Operator,29-08-2023,Los Angeles
595,Customer,18-10-2023,Los Angeles
596,Mechanic,29-10-2021,Phoenix
597,Mechanic,26-09-2022,Los Angeles
598,Mechanic,14-01-2021,New York
599,Operator,11-12-2021,New York
600,Operator,15-01-2022,Phoenix
601,Mechanic,05-11-2021,Houston
602,Customer,25-04-2020,New York
603,Customer,27-08-2021,New York
604,Mechanic,01-12-2022,Phoenix
605,Customer,13-01-2021,Chicago
606,Mechanic,14-05-2023,Los Angeles
607,Customer,10-04-2021,New York
608,Mechanic,06-10-2020,Chicago
609,Customer,09-09-2021,Houston
610,Operator,27-04-2020,Chicago
611,Mechanic,14-06-2023,Phoenix
612,Mechanic,04-11-2020,Houston
613,Customer,09-04-2020,Houston
614,Mechanic,17-09-2020,Chicago
615,Mechanic,19-09-2022,Phoenix
616,Mechanic,21-08-2023,New York
617,Operator,09-10-2023,Chicago
618,Operator,12-10-2020,New York
619,Customer,23-11-2020,Chicago
620,Operator,31-01-2023,New York
621,Customer,03-03-2020,Chicago
622,Operator,17-11-2021,Houston
623,Customer,29-07-2023,Los Angeles
624,Operator,09-08-2023,Houston
625,Operator,07-01-2022,New York
626,Customer,27-10-2022,Phoenix
627,Mechanic,30-09-2021,Houston
628,Mechanic,24-07-2022,Los Angeles
629,Operator,20-01-2023,New York
630,Customer,28-04-2023,Houston
631,Mechanic,20-04-2021,Chicago
632,Customer,22-02-2020,Phoenix
633,Mechanic,23-01-2022,New York
634,Customer,30-04-2021,Houston
635,Operator,19-10-2023,New York
636,Customer,09-02-2023,Chicago
637,Mechanic,12-02-2021,Los Angeles
638,Operator,27-10-2022,Houston
639,Customer,29-10-2021,New York
640,Mechanic,05-05-2023,New York
641,Operator,14-04-2022,New York
642,Customer,25-05-2022,Los Angeles
643,Mechanic,01-01-2021,New York
644,Customer,28-09-2022,Phoenix
645,Customer,06-09-2020,Phoenix
646,Operator,17-06-2023,New York
647,Operator,14-01-2021,Phoenix
648,Mechanic,21-05-2022,Houston
649,Operator,14-04-2022,Phoenix
650,Mechanic,13-02-2022,New York
651,Customer,07-07-2022,Chicago
652,Customer,30-03-2021,Houston
653,Mechanic,31-12-2020,Los Angeles
654,Customer,06-08-2023,New York
655,Operator,06-02-2021,Los Angeles
656,Customer,27-02-2020,Chicago
657,Operator,04-06-2021,Los Angeles
658,Mechanic,20-08-2023,New York
659,Mechanic,12-02-2023,New York
660,Customer,28-07-2020,Chicago
661,Customer,30-11-2022,New York
662,Operator,26-03-2022,Chicago
663,Operator,21-06-2020,Chicago
664,Customer,21-08-2020,New York
665,Customer,03-03-2022,Phoenix
666,Mechanic,03-03-2022,Chicago
667,Mechanic,27-11-2023,New York
668,Mechanic,28-11-2022,Phoenix
669,Customer,28-04-2020,Chicago
670,Customer,30-11-2020,Phoenix
671,Customer,21-09-2023,Houston
672,Mechanic,02-01-2023,Houston
673,Customer,29-04-2023,Phoenix
674,Operator,19-11-2020,Chicago
675,Customer,07-10-2022,New York
676,Customer,16-03-2023,Los Angeles
677,Customer,10-10-2020,New York
678,Customer,31-07-2020,Los Angeles
679,Customer,17-07-2022,Los Angeles
680,Operator,21-01-2022,Chicago
681,Operator,18-11-2023,Phoenix
682,Customer,04-12-2020,New York
683,Mechanic,11-11-2022,Phoenix
684,Customer,14-04-2020,Houston
685,Customer,26-12-2023,Chicago
686,Customer,08-02-2022,Chicago
687,Mechanic,16-12-2021,Houston
688,Mechanic,01-02-2022,New York
689,Mechanic,29-05-2023,Houston
690,Operator,13-01-2021,New York
691,Mechanic,30-05-2023,Los Angeles
692,Operator,05-07-2023,Chicago
693,Operator,13-12-2021,New York
694,Mechanic,22-10-2023,Phoenix
695,Mechanic,04-10-2023,Phoenix
696,Mechanic,12-08-2020,Chicago
697,Operator,07-01-2022,Houston
698,Customer,23-08-2020,Houston
699,Mechanic,01-07-2020,New York
700,Mechanic,12-12-2021,Houston
701,Mechanic,19-03-2021,Chicago
702,Operator,14-09-2021,New York
703,Operator,26-10-2022,Los Angeles
704,Customer,13-06-2023,Houston
705,Mechanic,24-02-2023,Houston
706,Operator,01-02-2023,New York
707,Customer,18-01-2022,Phoenix
708,Mechanic,03-06-2020,Houston
709,Operator,13-09-2020,Chicago
710,Mechanic,22-08-2020,Houston
711,Mechanic,14-05-2021,Los Angeles
712,Operator,15-10-2020,Houston
713,Operator,24-05-2021,Phoenix
714,Operator,09-12-2021,Houston
715,Mechanic,23-02-2022,New York
716,Mechanic,12-06-2022,Houston
717,Customer,14-02-2022,Phoenix
718,Mechanic,24-10-2020,New York
719,Operator,16-05-2020,Chicago
720,Mechanic,10-01-2021,New York
721,Customer,27-03-2020,Los Angeles
722,Customer,13-12-2023,New York
723,Operator,07-05-2023,Chicago
724,Operator,12-03-2021,Houston
725,Customer,26-08-2023,New York
726,Customer,28-07-2023,New York
727,Customer,08-09-2023,New York
728,Operator,02-02-2022,New York
729,Customer,02-12-2021,Chicago
730,Customer,30-07-2022,Phoenix
731,Operator,31-05-2020,Phoenix
732,Mechanic,18-08-2023,New York
733,Mechanic,25-07-2023,Chicago
734,Customer,28-10-2022,Chicago
735,Mechanic,17-03-2022,New York
736,Mechanic,22-08-2020,Los Angeles
737,Mechanic,05-11-2021,New York
738,Mechanic,14-07-2021,Los Angeles
739,Customer,18-08-2023,New York
740,Mechanic,07-02-2020,Los Angeles
741,Mechanic,05-03-2023,Los Angeles
742,Operator,01-04-2022,New York
743,Customer,24-02-2021,Los Angeles
744,Operator,27-05-2023,Houston
745,Operator,13-12-2020,Phoenix
746,Customer,07-01-2023,Chicago
747,Mechanic,17-01-2022,Los Angeles
748,Operator,29-09-2020,Los Angeles
749,Customer,30-03-2023,Chicago
750,Mechanic,03-11-2020,Los Angeles
751,Customer,29-10-2023,Chicago
752,Operator,02-09-2022,New York
753,Mechanic,02-01-2022,Houston
754,Mechanic,29-10-2022,Houston
755,Customer,19-03-2021,Phoenix
756,Mechanic,10-02-2023,Los Angeles
757,Operator,13-05-2023,Phoenix
758,Operator,08-02-2021,New York
759,Operator,02-05-2022,Houston
760,Customer,05-05-2023,New York
761,Mechanic,16-02-2022,New York
762,Mechanic,24-04-2020,Los Angeles
763,Mechanic,18-02-2023,New York
764,Operator,05-03-2020,Houston
765,Mechanic,23-07-2023,Phoenix
766,Operator,04-04-2022,Houston
767,Mechanic,26-08-2020,Los Angeles
768,Operator,28-10-2020,Houston
769,Mechanic,16-11-2023,Chicago
770,Customer,26-08-2022,Phoenix
771,Customer,03-01-2021,Chicago
772,Operator,20-08-2020,Chicago
773,Operator,13-07-2020,Los Angeles
774,Mechanic,25-06-2022,New York
775,Mechanic,01-11-2022,Chicago
776,Customer,09-07-2022,Houston
777,Mechanic,19-11-2021,New York
778,Operator,25-06-2020,Houston
779,Operator,04-08-2020,Houston
780,Operator,31-10-2022,New York
781,Operator,21-09-2021,New York
782,Operator,12-06-2020,Houston
783,Customer,22-02-2020,Los Angeles
784,Customer,05-08-2020,Phoenix
785,Operator,25-09-2022,Phoenix
786,Mechanic,03-04-2022,Los Angeles
787,Operator,15-10-2023,New York
788,Customer,19-01-2021,Houston
789,Operator,25-02-2020,Phoenix
790,Customer,27-04-2020,Houston
791,Customer,18-06-2022,Los Angeles
792,Operator,30-06-2023,Houston
793,Operator,08-03-2022,Los Angeles
794,Mechanic,18-02-2022,New York
795,Customer,12-10-2022,Los Angeles
796,Mechanic,13-03-2022,Los Angeles
797,Operator,24-04-2022,Phoenix
798,Customer,18-04-2023,Houston
799,Mechanic,09-12-2023,Phoenix
800,Mechanic,12-06-2023,Chicago
801,Mechanic,04-05-2022,Los Angeles
802,Operator,08-12-2021,Chicago
803,Operator,08-01-2023,Phoenix
804,Operator,22-01-2020,Houston
805,Customer,22-04-2022,Phoenix
806,Operator,21-01-2023,Houston
807,Customer,10-07-2020,Houston
808,Mechanic,15-10-2022,New York
809,Mechanic,31-01-2023,Los Angeles
810,Operator,30-01-2021,Phoenix
811,Mechanic,27-10-2022,Houston
812,Operator,01-10-2021,Phoenix
813,Customer,15-10-2022,Phoenix
814,Mechanic,20-07-2021,Houston
815,Operator,18-08-2020,Chicago
816,Mechanic,23-05-2022,Los Angeles
817,Mechanic,27-07-2021,Los Angeles
818,Operator,27-08-2020,New York
819,Mechanic,30-03-2020,New York
820,Mechanic,19-08-2020,New York
821,Mechanic,01-04-2021,Los Angeles
822,Mechanic,20-08-2020,Chicago
823,Customer,19-12-2020,Los Angeles
824,Mechanic,01-10-2022,Los Angeles
825,Mechanic,18-09-2023,Los Angeles
826,Operator,14-03-2021,Los Angeles
827,Customer,30-10-2023,Chicago
828,Operator,08-08-2023,New York
829,Operator,10-12-2020,Phoenix
830,Operator,25-10-2021,New York
831,Customer,22-12-2023,New York
832,Operator,18-10-2021,Phoenix
833,Operator,09-05-2020,Los Angeles
834,Operator,20-05-2020,Chicago
835,Mechanic,18-02-2021,Chicago
836,Operator,21-01-2023,New York
837,Customer,17-09-2021,Phoenix
838,Customer,10-10-2020,Houston
839,Mechanic,10-08-2020,Los Angeles
840,Customer,13-01-2022,New York
841,Customer,07-04-2021,Chicago
842,Mechanic,23-07-2023,Phoenix
843,Operator,09-03-2023,Phoenix
844,Mechanic,22-12-2020,New York
845,Operator,12-11-2022,Houston
846,Operator,17-07-2023,Chicago
847,Customer,08-05-2022,New York
848,Mechanic,26-10-2021,Houston
849,Customer,18-09-2023,Phoenix
850,Customer,11-10-2022,Los Angeles
851,Operator,25-03-2020,Chicago
852,Customer,12-09-2021,Chicago
853,Mechanic,20-11-2022,Houston
854,Customer,27-08-2020,New York
855,Customer,28-12-2020,Phoenix
856,Operator,01-04-2022,Houston
857,Mechanic,13-11-2023,Los Angeles
858,Customer,29-10-2021,Los Angeles
859,Operator,15-08-2023,Los Angeles
860,Customer,26-10-2023,Houston
861,Mechanic,08-04-2020,Phoenix
862,Customer,16-02-2020,Chicago
863,Customer,18-04-2022,New York
864,Operator,25-02-2021,Chicago
865,Customer,02-03-2020,Phoenix
866,Operator,06-02-2023,Chicago
867,Mechanic,16-02-2023,Houston
868,Customer,06-10-2022,Los Angeles
869,Mechanic,20-08-2021,Phoenix
870,Mechanic,06-11-2023,Phoenix
871,Customer,26-01-2021,Chicago
872,Operator,03-09-2022,Houston
873,Mechanic,11-12-2022,Chicago
874,Mechanic,25-08-2021,Chicago
875,Customer,05-08-2023,Phoenix
876,Customer,02-12-2020,Chicago
877,Customer,20-03-2022,Los Angeles
878,Customer,12-05-2023,Chicago
879,Customer,15-06-2023,Los Angeles
880,Customer,06-11-2023,Phoenix
881,Operator,21-01-2022,Houston
882,Mechanic,05-03-2023,Los Angeles
883,Operator,01-12-2023,Houston
884,Operator,17-10-2023,Houston
885,Customer,05-11-2023,Los Angeles
886,Mechanic,30-05-2022,Phoenix
887,Operator,26-09-2021,New York
888,Customer,10-09-2020,Houston
889,Customer,11-02-2023,Houston
890,Mechanic,20-01-2020,Phoenix
891,Operator,11-06-2021,Phoenix
892,Operator,14-03-2023,Chicago
893,Operator,16-05-2023,Phoenix
894,Customer,10-01-2021,Houston
895,Mechanic,14-06-2020,Los Angeles
896,Mechanic,19-04-2023,New York
897,Operator,10-05-2022,Chicago
898,Customer,08-09-2021,Los Angeles
899,Operator,03-09-2021,New York
900,Mechanic,17-09-2023,New York
901,Customer,17-05-2021,New York
902,Operator,01-07-2022,Los Angeles
903,Operator,19-03-2020,Chicago
904,Customer,07-08-2021,Chicago
905,Mechanic,18-11-2021,New York
906,Customer,30-01-2021,Los Angeles
907,Operator,31-01-2023,New York
908,Operator,05-02-2021,Phoenix
909,Operator,01-09-2022,Chicago
910,Operator,11-08-2020,Houston
911,Mechanic,01-06-2021,New York
912,Mechanic,25-09-2021,Phoenix
913,Operator,23-08-2020,Chicago
914,Mechanic,21-12-2023,Los Angeles
915,Mechanic,25-04-2020,Chicago
916,Mechanic,01-04-2023,Los Angeles
917,Operator,13-08-2020,Los Angeles
918,Customer,17-08-2020,New York
919,Customer,30-06-2020,New York
920,Customer,26-06-2023,Chicago
921,Operator,03-09-2023,Phoenix
922,Mechanic,28-07-2020,Chicago
923,Mechanic,16-11-2023,Houston
924,Operator,05-04-2020,Los Angeles
925,Operator,12-06-2022,Los Angeles
926,Customer,25-01-2022,New York
927,Customer,14-01-2023,Phoenix
928,Operator,18-02-2021,New York
929,Customer,28-01-2021,Houston
930,Mechanic,26-11-2021,Chicago
931,Operator,23-04-2022,Chicago
932,Operator,26-08-2021,Phoenix
933,Mechanic,04-08-2021,New York
934,Mechanic,12-05-2020,New York
935,Mechanic,01-03-2022,Houston
936,Customer,10-10-2021,Chicago
937,Operator,30-08-2023,New York
938,Customer,08-08-2020,Phoenix
939,Mechanic,02-09-2022,Chicago
940,Customer,05-12-2022,Houston
941,Mechanic,30-04-2023,Phoenix
942,Customer,03-11-2023,Los Angeles
943,Customer,26-02-2022,Houston
944,Mechanic,21-11-2021,Phoenix
945,Customer,19-09-2023,New York
946,Operator,08-02-2020,Los Angeles
947,Customer,09-08-2023,Houston
948,Customer,20-11-2021,New York
949,Operator,10-06-2020,Los Angeles
950,Mechanic,16-09-2023,Chicago
951,Operator,01-02-2023,New York
952,Customer,09-06-2020,Phoenix
953,Mechanic,13-12-2022,Houston
954,Customer,23-11-2022,Los Angeles
955,Customer,29-08-2020,New York
956,Operator,24-08-2022,Chicago
957,Operator,08-06-2022,Houston
958,Mechanic,22-04-2020,Houston
959,Mechanic,10-10-2022,New York
960,Mechanic,13-11-2020,Chicago
961,Customer,23-01-2020,Los Angeles
962,Operator,03-04-2022,New York
963,Operator,15-02-2023,Los Angeles
964,Operator,01-12-2021,Houston
965,Mechanic,15-10-2022,Los Angeles
966,Operator,20-05-2023,Chicago
967,Operator,12-12-2023,Phoenix
968,Operator,10-02-2023,Chicago
969,Mechanic,03-12-2022,Los Angeles
970,Operator,07-05-2020,New York
971,Mechanic,25-05-2022,Houston
972,Operator,06-06-2020,Phoenix
973,Operator,06-04-2022,New York
974,Operator,18-11-2023,New York
975,Mechanic,01-05-2022,Chicago
976,Mechanic,26-05-2021,Los Angeles
977,Operator,14-02-2020,Chicago
978,Customer,05-02-2023,Los Angeles
979,Mechanic,06-08-2020,Chicago
980,Mechanic,18-03-2021,New York
981,Operator,10-11-2020,Houston
982,Customer,25-06-2020,Los Angeles
983,Operator,15-08-2020,Phoenix
984,Mechanic,23-09-2020,Phoenix
985,Mechanic,19-05-2022,New York
986,Operator,17-04-2022,Chicago
987,Operator,03-11-2023,Chicago
988,Customer,03-05-2021,New York
989,Customer,02-12-2021,Phoenix
990,Mechanic,17-11-2021,Phoenix
991,Customer,06-08-2023,Chicago
992,Customer,22-09-2022,Los Angeles
993,Mechanic,22-12-2020,Houston
994,Mechanic,21-05-2022,Los Angeles
995,Mechanic,22-07-2020,Phoenix
996,Mechanic,21-05-2023,Los Angeles
997,Operator,05-07-2021,Houston
998,Mechanic,18-11-2020,Los Angeles
999,Mechanic,16-08-2021,Los Angeles
1000,Mechanic,29-06-2020,Los Angeles
